1.0035,0.93228,0.86911,0.77503,0.74949,0.71589,0.69035,0.6675,0.67019,0.69573,0.74277,0.72798,0.64465,0.48336,0.36508,0.33148,0.29116,0.27099,0.27099,0.30863,0.34492,0.46185,0.55997,0.44707,0.31401,0.26965,0.23202,0.21723,0.23336,0.28309,0.32745,0.45917,0.56804,0.50352,0.39331,0.3597,0.32745,0.32745,0.3503,0.39062,0.41884,0.54788,0.63927,0.60164,0.55325,0.51427,0.49142,0.4968,0.51696,0.5546,0.59895,0.65272,0.74008,0.81938,0.91212,0.99142,0.46187,0.39066,0.32616,0.22404,0.17567,0.12865,0.12999,0.14611,0.2133,0.2657,0.35572,0.42156,0.44843,0.41081,0.37722,0.37184,0.37184,0.38931,0.41887,0.44171,0.45112,0.49277,0.55324,0.57876,0.60564,0.61504,0.62445,0.66207,0.68894,0.6876,0.67551,0.6661,0.66341,0.72791,0.79778,0.81256,0.8354,0.87168,0.8878,0.87571,0.85958,0.79912,0.76419,0.82599,0.87436,0.90527,0.93751,0.9617,0.96842,0.95229,0.92542,0.87302,0.81659,0.79912,0.783,0.75612
1.0102,0.92019,0.8503,0.72664,0.68766,0.63927,0.61642,0.6003,0.61911,0.66347,0.74815,0.71723,0.64599,0.48739,0.37449,0.32745,0.29116,0.27099,0.27503,0.31401,0.36777,0.46454,0.56132,0.44841,0.32073,0.27503,0.23067,0.2253,0.23739,0.28444,0.3382,0.4632,0.57073,0.50218,0.39062,0.35702,0.31535,0.31401,0.34089,0.37987,0.41616,0.54519,0.63255,0.59492,0.53981,0.49815,0.46723,0.4753,0.49815,0.5304,0.5761,0.64062,0.7347,0.81938,0.92019,1.0116,0.46859,0.38394,0.32347,0.24823,0.21061,0.18374,0.18911,0.21867,0.27376,0.31272,0.39469,0.42693,0.44574,0.41484,0.38931,0.37856,0.38259,0.40275,0.42962,0.44978,0.46456,0.49815,0.55055,0.58414,0.60967,0.62042,0.64057,0.67013,0.69432,0.69432,0.68357,0.66879,0.66341,0.71313,0.76956,0.783,0.80584,0.84077,0.86093,0.84615,0.83271,0.78837,0.75612,0.80718,0.85152,0.87705,0.91199,0.93483,0.94423,0.93214,0.90661,0.86093,0.80987,0.79778,0.783,0.75478
1.0102,0.9175,0.83282,0.70782,0.65137,0.60836,0.57879,0.57341,0.59358,0.66481,0.74008,0.70917,0.63793,0.4847,0.36911,0.32476,0.2804,0.26831,0.26965,0.31266,0.36105,0.46992,0.56401,0.4511,0.32073,0.27368,0.23336,0.2253,0.24008,0.28847,0.33551,0.46454,0.57207,0.50352,0.40137,0.34895,0.30728,0.30728,0.32745,0.37315,0.42153,0.53175,0.63659,0.59089,0.53444,0.48739,0.45245,0.45917,0.47664,0.51293,0.56535,0.62852,0.73739,0.82745,0.92422,1.0143,0.46859,0.38797,0.32616,0.27645,0.24554,0.22673,0.23614,0.26838,0.30869,0.35706,0.40544,0.43231,0.45246,0.43096,0.41484,0.40947,0.41484,0.43365,0.45918,0.48202,0.4874,0.51696,0.55458,0.58548,0.60967,0.62042,0.6352,0.66744,0.69163,0.69029,0.68088,0.66879,0.66341,0.70775,0.75344,0.76956,0.7924,0.82062,0.84346,0.83405,0.81659,0.78434,0.75612,0.79912,0.8354,0.85824,0.89049,0.91199,0.92273,0.91467,0.89452,0.85824,0.81256,0.80046,0.78703,0.75344
1.0089,0.90944,0.82745,0.68228,0.62583,0.56938,0.55191,0.54788,0.5882,0.64465,0.73336,0.69169,0.63927,0.48202,0.36777,0.31804,0.27772,0.26024,0.26965,0.31266,0.36642,0.46858,0.56938,0.45245,0.32073,0.27234,0.2347,0.2253,0.24008,0.28712,0.33551,0.46589,0.58551,0.50083,0.39465,0.34223,0.30056,0.29519,0.30997,0.35702,0.4054,0.52368,0.63524,0.58685,0.52234,0.4753,0.44169,0.44035,0.45782,0.49815,0.54788,0.61911,0.73202,0.81669,0.90272,1.0102,0.46993,0.38797,0.33825,0.30735,0.2872,0.28048,0.29123,0.32347,0.36916,0.39334,0.42022,0.4444,0.45381,0.44171,0.43231,0.42828,0.43768,0.45784,0.48337,0.50218,0.50621,0.52636,0.55458,0.58011,0.60161,0.61236,0.62445,0.65804,0.68357,0.68088,0.67282,0.66744,0.66207,0.67819,0.7091,0.71581,0.73194,0.7615,0.78837,0.78434,0.77628,0.75747,0.74806,0.783,0.8139,0.83137,0.85152,0.87839,0.89317,0.89049,0.87571,0.84615,0.8139,0.80718,0.79106,0.75612
1.0089,0.91078,0.82073,0.68363,0.62583,0.57073,0.54922,0.54653,0.58148,0.63659,0.72933,0.68632,0.63524,0.48067,0.37046,0.31669,0.27637,0.26159,0.26831,0.30863,0.36508,0.46051,0.56535,0.4511,0.32476,0.27234,0.2347,0.22261,0.23605,0.28712,0.33551,0.45648,0.5761,0.49949,0.37315,0.34223,0.30056,0.29384,0.31266,0.35433,0.38793,0.51965,0.62987,0.58685,0.50487,0.47664,0.44035,0.44035,0.45513,0.49277,0.52368,0.61642,0.72798,0.81401,0.90944,1.0089,0.47396,0.39603,0.34497,0.31676,0.29526,0.28585,0.29794,0.33422,0.37184,0.39737,0.4229,0.44978,0.46187,0.44574,0.435,0.43231,0.44037,0.46321,0.48874,0.50352,0.5089,0.53174,0.55995,0.5828,0.60429,0.6137,0.62714,0.66073,0.68491,0.68626,0.67551,0.67148,0.66476,0.68357,0.71581,0.72388,0.73731,0.76956,0.7924,0.79106,0.78165,0.76284,0.74941,0.78971,0.82331,0.8354,0.85958,0.88511,0.89855,0.89452,0.88646,0.85287,0.81927,0.80987,0.79509,0.76284
0.9753,0.89331,0.79519,0.66078,0.59492,0.54384,0.52234,0.51831,0.56938,0.63793,0.69573,0.74411,0.63524,0.46723,0.36105,0.30728,0.27099,0.25755,0.26562,0.31804,0.3718,0.4753,0.5882,0.45245,0.32476,0.26965,0.23336,0.21858,0.23336,0.27234,0.32879,0.4511,0.58954,0.4968,0.37449,0.33417,0.28847,0.27772,0.28712,0.33551,0.37987,0.49277,0.59761,0.56938,0.50218,0.45782,0.42422,0.40675,0.41481,0.44976,0.4968,0.57476,0.70379,0.81401,0.92691,1.0331,0.4753,0.41081,0.37319,0.36244,0.35303,0.34766,0.35975,0.38662,0.43634,0.45112,0.44978,0.43634,0.47396,0.49815,0.51427,0.52636,0.53711,0.56667,0.5922,0.5922,0.5828,0.57608,0.57473,0.58011,0.59354,0.59892,0.60564,0.64326,0.66744,0.67013,0.6661,0.6661,0.67013,0.67013,0.67148,0.67148,0.67282,0.69835,0.72253,0.73194,0.73194,0.74,0.73731,0.74134,0.74672,0.74269,0.73731,0.75344,0.77897,0.79106,0.79778,0.80449,0.82062,0.82465,0.79643,0.75747
1.1299,1.0035,0.9175,0.77772,0.71051,0.65809,0.63927,0.64599,0.69438,0.76696,0.85567,0.83148,0.77906,0.62987,0.52906,0.4753,0.44035,0.43363,0.44707,0.49546,0.54384,0.64196,0.75083,0.65675,0.53175,0.49142,0.45648,0.45782,0.4753,0.52503,0.56401,0.69169,0.7925,0.73202,0.6218,0.59089,0.55863,0.56401,0.5882,0.62449,0.65944,0.77637,0.87449,0.84492,0.79384,0.75352,0.72798,0.73605,0.75218,0.7925,0.83417,0.89465,0.99546,1.0734,1.1554,1.2266,0.18508,0.1394,0.1273,0.13268,0.14611,0.15552,0.17567,0.20658,0.22942,0.22673,0.23614,0.26167,0.29794,0.34497,0.37319,0.38931,0.40812,0.43903,0.45515,0.45784,0.4444,0.42828,0.41618,0.4659,0.52368,0.54383,0.56533,0.60564,0.62176,0.61236,0.58951,0.54249,0.50755,0.55189,0.62176,0.63654,0.65938,0.69297,0.7091,0.69835,0.67954,0.61773,0.5707,0.62714,0.67282,0.697,0.73866,0.75747,0.76553,0.75209,0.72253,0.67013,0.60295,0.56533,0.51427,0.46052
1.0801,0.99142,0.90003,0.77503,0.71185,0.6554,0.6339,0.62987,0.66884,0.73874,0.82073,0.78175,0.72933,0.57745,0.46454,0.41884,0.38255,0.36508,0.37583,0.42019,0.46589,0.5761,0.68228,0.57073,0.43901,0.39599,0.35567,0.34895,0.36777,0.41481,0.46051,0.58685,0.70513,0.62718,0.50621,0.4753,0.43094,0.4296,0.44707,0.49142,0.52906,0.65406,0.76965,0.72933,0.66481,0.62583,0.59492,0.59895,0.61911,0.6554,0.69841,0.76831,0.86777,0.95782,1.0627,1.1487,0.34497,0.2872,0.2536,0.2227,0.20658,0.19717,0.20658,0.23479,0.28048,0.30735,0.34228,0.37319,0.39469,0.40275,0.40812,0.41081,0.42022,0.44843,0.47396,0.48068,0.47934,0.48471,0.50083,0.52905,0.5613,0.56936,0.58683,0.61907,0.64326,0.64057,0.62714,0.61101,0.60026,0.62714,0.66476,0.67148,0.69163,0.72388,0.74269,0.73731,0.72925,0.69835,0.68357,0.73463,0.76956,0.78837,0.81659,0.84212,0.85555,0.8448,0.82331,0.78837,0.73597,0.71716,0.68222,0.62982
1.0102,0.93228,0.85567,0.72126,0.66616,0.61642,0.58954,0.58417,0.61777,0.68497,0.75487,0.71992,0.67422,0.52099,0.4175,0.3597,0.31938,0.30191,0.30728,0.35164,0.40809,0.49949,0.59626,0.49008,0.35567,0.3046,0.26427,0.24949,0.2589,0.30863,0.35836,0.49008,0.59358,0.52906,0.42019,0.38793,0.34223,0.34626,0.36642,0.41212,0.44169,0.57073,0.66347,0.62315,0.5546,0.51831,0.48874,0.49411,0.51024,0.54384,0.5882,0.66212,0.75083,0.84492,0.94438,1.0479,0.42559,0.35975,0.31138,0.26704,0.24823,0.23345,0.24286,0.27376,0.31676,0.35035,0.38394,0.40812,0.41887,0.38931,0.37184,0.36244,0.36513,0.38662,0.4135,0.43365,0.44574,0.4753,0.51293,0.5089,0.51696,0.51561,0.52099,0.55189,0.57876,0.58951,0.58683,0.60161,0.62714,0.68222,0.74269,0.75612,0.78434,0.81524,0.83137,0.81927,0.80315,0.75612,0.72253,0.76419,0.81121,0.83137,0.86093,0.88646,0.89317,0.88243,0.8663,0.82331,0.77897,0.76822,0.75344,0.71716
1.0237,0.96589,0.91481,0.82745,0.78309,0.75487,0.72261,0.70648,0.71723,0.75218,0.79384,0.76427,0.68632,0.51696,0.40809,0.36374,0.32207,0.30325,0.30863,0.34895,0.40406,0.50352,0.6003,0.48874,0.36105,0.31804,0.27503,0.27503,0.28981,0.34223,0.38659,0.51024,0.60836,0.53175,0.42019,0.38121,0.3382,0.34358,0.35702,0.40137,0.44304,0.56132,0.66347,0.60836,0.55191,0.51696,0.4847,0.48739,0.50352,0.53847,0.58417,0.65944,0.75487,0.85298,0.94841,1.0425,0.4135,0.349,0.29391,0.19986,0.14746,0.10446,0.10984,0.14208,0.18642,0.24554,0.33422,0.37856,0.39872,0.37991,0.37319,0.36647,0.37184,0.392,0.42022,0.44037,0.4444,0.46724,0.50352,0.55055,0.60026,0.61639,0.6446,0.67416,0.69566,0.68626,0.66476,0.63385,0.61773,0.65804,0.71447,0.72656,0.75209,0.77628,0.79912,0.78971,0.77628,0.73463,0.70775,0.75881,0.80046,0.81524,0.84615,0.87033,0.88243,0.87571,0.85421,0.80987,0.76553,0.76284,0.74403,0.71044
1.0089,0.92691,0.87046,0.79519,0.76024,0.73202,0.70379,0.68766,0.69976,0.72933,0.7589,0.74142,0.67422,0.51696,0.42288,0.36642,0.3382,0.32341,0.33013,0.35836,0.41347,0.49815,0.6003,0.49142,0.3839,0.33551,0.30325,0.30325,0.31401,0.36105,0.40809,0.51696,0.62046,0.54788,0.45917,0.42153,0.38793,0.39599,0.4175,0.45245,0.4968,0.58685,0.67288,0.66212,0.6218,0.59223,0.58282,0.59358,0.61374,0.63659,0.67153,0.71454,0.7804,0.84358,0.91481,0.98067,0.41618,0.35572,0.30063,0.21598,0.16896,0.12865,0.12999,0.15955,0.20792,0.26704,0.33154,0.40409,0.42693,0.39603,0.37722,0.3705,0.37588,0.392,0.41887,0.435,0.44574,0.47262,0.53039,0.5828,0.61504,0.62982,0.65401,0.68357,0.69835,0.69566,0.68088,0.65266,0.63385,0.69835,0.75747,0.77897,0.80718,0.83271,0.84749,0.83809,0.80853,0.75881,0.72119,0.80449,0.86093,0.89721,0.92945,0.94423,0.94692,0.92811,0.89317,0.83137,0.75881,0.74537,0.72253,0.6876
0.99277,0.92422,0.8718,0.76293,0.71589,0.68094,0.65809,0.64599,0.66347,0.70379,0.76024,0.75083,0.67556,0.51293,0.4175,0.37315,0.33417,0.32207,0.32879,0.36105,0.41212,0.49411,0.6003,0.49008,0.37315,0.32745,0.29653,0.29519,0.3046,0.34358,0.38659,0.50621,0.61508,0.53712,0.44573,0.40137,0.36105,0.36239,0.38121,0.42153,0.46454,0.56669,0.66884,0.6218,0.57073,0.52906,0.50487,0.51293,0.52906,0.5546,0.6003,0.66212,0.76831,0.84761,0.9296,1.0116,0.41753,0.35706,0.31272,0.23748,0.2012,0.16896,0.17164,0.19717,0.25092,0.2966,0.35303,0.40409,0.42828,0.39872,0.38259,0.37722,0.38259,0.40275,0.42828,0.4444,0.45112,0.47799,0.53174,0.55861,0.58011,0.58817,0.60698,0.63654,0.65535,0.65535,0.64729,0.6352,0.62579,0.67013,0.70507,0.71985,0.74537,0.7709,0.78837,0.78434,0.76822,0.73731,0.71044,0.7709,0.80449,0.82734,0.85421,0.87436,0.88243,0.87436,0.85555,0.81927,0.75612,0.74403,0.72253,0.68222
0.99411,0.91481,0.85433,0.7347,0.6796,0.63927,0.61508,0.6097,0.63255,0.7011,0.76427,0.73202,0.6796,0.51831,0.42422,0.37852,0.33954,0.32476,0.32879,0.37046,0.41212,0.49277,0.60433,0.49411,0.38121,0.33417,0.2925,0.28712,0.29653,0.34089,0.38659,0.49546,0.61374,0.52772,0.44035,0.38793,0.3503,0.34626,0.36105,0.40003,0.44976,0.54653,0.66347,0.60702,0.54653,0.49949,0.47261,0.46992,0.47798,0.51562,0.55863,0.63524,0.75218,0.83282,0.9296,1.0049,0.42962,0.36513,0.32213,0.27107,0.24554,0.22404,0.23076,0.25092,0.29391,0.34632,0.39469,0.41887,0.43096,0.39469,0.37588,0.37184,0.37856,0.39603,0.41618,0.43768,0.44709,0.47262,0.52099,0.53442,0.5398,0.54383,0.55861,0.58414,0.60564,0.61101,0.61101,0.61101,0.61907,0.64192,0.66207,0.66744,0.68222,0.7091,0.73059,0.73328,0.72388,0.71178,0.70372,0.73059,0.75209,0.76015,0.77628,0.79643,0.80853,0.81256,0.80718,0.78837,0.75881,0.74941,0.72656,0.69163
1.0156,0.91884,0.84761,0.72126,0.65272,0.61374,0.59089,0.5882,0.62583,0.69438,0.75487,0.71723,0.66481,0.52099,0.4296,0.37046,0.33685,0.3261,0.33013,0.36911,0.41884,0.50218,0.60567,0.50083,0.38659,0.3382,0.30191,0.29116,0.29519,0.33685,0.38659,0.49277,0.61508,0.53578,0.43766,0.38927,0.35298,0.34223,0.35298,0.39465,0.44304,0.5425,0.65809,0.6003,0.54384,0.49411,0.46454,0.45917,0.46454,0.49815,0.54788,0.6218,0.74546,0.83685,0.92288,1.0237,0.44306,0.37453,0.3396,0.30332,0.28585,0.26973,0.28316,0.31138,0.35169,0.38394,0.40678,0.42559,0.43231,0.40275,0.38394,0.38125,0.39066,0.40947,0.42559,0.44709,0.45515,0.48068,0.52368,0.52233,0.51964,0.51964,0.53308,0.55727,0.58145,0.58951,0.5922,0.60026,0.61504,0.62579,0.6352,0.63385,0.64595,0.67013,0.69566,0.70372,0.69835,0.697,0.69835,0.71178,0.72388,0.72253,0.73731,0.75478,0.77359,0.783,0.78434,0.77493,0.7615,0.75344,0.73463,0.69566
1.0129,0.93363,0.8382,0.71454,0.64599,0.60298,0.58551,0.58282,0.61508,0.69169,0.75352,0.72798,0.68094,0.50352,0.40944,0.36105,0.32476,0.31804,0.32341,0.3597,0.40944,0.49277,0.62046,0.50083,0.39196,0.33954,0.3046,0.29116,0.29922,0.34089,0.38927,0.4968,0.6218,0.53712,0.43632,0.38927,0.35164,0.34089,0.35164,0.39331,0.44035,0.5425,0.65272,0.60567,0.54384,0.49411,0.46589,0.45782,0.46454,0.4968,0.54519,0.61642,0.75218,0.84761,0.92691,1.0183,0.44306,0.38259,0.33557,0.30332,0.29794,0.2872,0.29391,0.32213,0.35841,0.38662,0.40275,0.41753,0.42828,0.42693,0.42828,0.43365,0.44978,0.46993,0.48202,0.49949,0.49949,0.50621,0.52905,0.5183,0.51561,0.51561,0.52368,0.55324,0.57339,0.5828,0.58414,0.59354,0.60967,0.61504,0.6231,0.62176,0.62982,0.65804,0.68222,0.68894,0.68894,0.68894,0.69029,0.697,0.70372,0.70372,0.71178,0.73194,0.74941,0.75881,0.7615,0.7615,0.75747,0.74941,0.72522,0.69297
1.0116,0.91616,0.83417,0.70513,0.63793,0.59358,0.57341,0.5761,0.61911,0.68094,0.75352,0.70648,0.67153,0.50083,0.40809,0.35702,0.32879,0.32207,0.33013,0.36642,0.41884,0.49949,0.6339,0.49815,0.38659,0.33551,0.29653,0.2925,0.30594,0.34223,0.39465,0.49546,0.63927,0.53847,0.44304,0.39331,0.35567,0.34223,0.35567,0.40003,0.44438,0.54653,0.65406,0.6003,0.54922,0.49949,0.46723,0.45917,0.46454,0.49277,0.54653,0.62315,0.74949,0.83013,0.92556,1.017,0.44843,0.38394,0.35035,0.3396,0.3396,0.33422,0.34632,0.37184,0.40544,0.42156,0.41484,0.42828,0.44306,0.46187,0.48202,0.49277,0.51427,0.53039,0.5492,0.55189,0.5492,0.54114,0.54517,0.54652,0.55727,0.55995,0.57608,0.59892,0.61907,0.62579,0.61907,0.61907,0.62445,0.62445,0.62714,0.62848,0.63251,0.65938,0.68626,0.69029,0.69029,0.69029,0.69432,0.69566,0.69835,0.69566,0.69835,0.71716,0.73866,0.74806,0.75478,0.75478,0.75747,0.75612,0.73866,0.70104
0.98202,0.89734,0.85298,0.76024,0.72261,0.69035,0.66347,0.65137,0.66481,0.69841,0.74008,0.72798,0.65406,0.4753,0.38524,0.33685,0.30191,0.28712,0.29519,0.33013,0.37583,0.45917,0.56535,0.45513,0.33551,0.28444,0.25083,0.24411,0.25352,0.29653,0.34626,0.46454,0.57207,0.48605,0.39599,0.34761,0.30325,0.30325,0.31938,0.36239,0.41078,0.51562,0.61374,0.57073,0.5304,0.48605,0.46858,0.4753,0.48874,0.51696,0.56401,0.62046,0.72261,0.79788,0.88121,0.96858,0.4229,0.34363,0.29929,0.20389,0.16358,0.12327,0.12865,0.16089,0.20523,0.25898,0.33288,0.37453,0.39469,0.35975,0.33825,0.33557,0.34094,0.36378,0.38259,0.40275,0.41081,0.43768,0.49143,0.50621,0.5183,0.52368,0.54114,0.56398,0.58548,0.5922,0.58683,0.58145,0.59086,0.62445,0.65132,0.65804,0.67551,0.70641,0.72522,0.72253,0.71044,0.69029,0.67685,0.75612,0.7924,0.82196,0.85824,0.87033,0.87571,0.86765,0.84077,0.80181,0.73059,0.72388,0.70775,0.67551
0.98336,0.88524,0.83148,0.71185,0.64868,0.60567,0.58417,0.57879,0.61105,0.67691,0.73605,0.69976,0.65406,0.49142,0.40272,0.35298,0.31669,0.30325,0.3046,0.33954,0.38927,0.46454,0.57207,0.46858,0.34895,0.29788,0.26159,0.25218,0.25755,0.30191,0.35164,0.46185,0.57745,0.49277,0.39331,0.34223,0.3046,0.29519,0.30863,0.34626,0.39868,0.49949,0.6097,0.5546,0.50621,0.45782,0.43228,0.43363,0.44573,0.47395,0.52772,0.59358,0.71185,0.80056,0.87987,0.96992,0.4444,0.3611,0.31944,0.26435,0.25092,0.23211,0.2442,0.26301,0.31004,0.34632,0.38125,0.39737,0.40409,0.36513,0.34632,0.33691,0.34094,0.3611,0.37991,0.40275,0.4135,0.4444,0.49412,0.48874,0.48202,0.48068,0.49412,0.51293,0.53711,0.54652,0.55458,0.56667,0.5922,0.59892,0.60161,0.60295,0.6137,0.6352,0.66476,0.6661,0.66744,0.67013,0.67685,0.73328,0.75612,0.77359,0.79778,0.81524,0.82734,0.82599,0.8139,0.78703,0.74403,0.73597,0.72388,0.69432
0.99008,0.93766,0.89331,0.81266,0.77637,0.74815,0.7253,0.70782,0.71454,0.74546,0.78712,0.76427,0.68363,0.54116,0.46185,0.42019,0.3839,0.36508,0.36239,0.38255,0.43094,0.50218,0.58954,0.48739,0.37449,0.33148,0.2925,0.27234,0.27772,0.31401,0.35836,0.47261,0.57341,0.48874,0.38927,0.34223,0.30056,0.28578,0.29653,0.33685,0.38659,0.49008,0.59761,0.5425,0.4847,0.43363,0.4054,0.41078,0.42019,0.44976,0.50487,0.57207,0.69035,0.77368,0.85567,0.93363,0.51427,0.42828,0.37319,0.2751,0.23479,0.18777,0.19449,0.21867,0.2751,0.32885,0.39603,0.42828,0.43096,0.349,0.30601,0.28585,0.28182,0.29526,0.3181,0.34228,0.36781,0.41753,0.50083,0.47665,0.44574,0.43365,0.435,0.45649,0.49008,0.50621,0.51427,0.55727,0.59892,0.60161,0.59354,0.58817,0.59086,0.61773,0.64595,0.6567,0.65804,0.67416,0.69432,0.75075,0.77897,0.7924,0.82196,0.83809,0.84749,0.84615,0.83271,0.80987,0.77762,0.783,0.78165,0.76687
0.98336,0.89734,0.84358,0.72798,0.68094,0.63793,0.61911,0.61374,0.63255,0.67691,0.74142,0.72798,0.65944,0.49142,0.39331,0.34089,0.30863,0.30056,0.30325,0.34089,0.39465,0.47798,0.59492,0.48202,0.3718,0.32341,0.28444,0.28175,0.29384,0.33954,0.38793,0.4968,0.61374,0.53309,0.44169,0.39331,0.35836,0.36105,0.37987,0.42019,0.46454,0.56401,0.66616,0.6339,0.59089,0.55325,0.53309,0.5425,0.55594,0.58148,0.62852,0.68094,0.77637,0.84761,0.92691,0.99142,0.40812,0.33825,0.29929,0.23345,0.20255,0.17567,0.18374,0.2133,0.24957,0.29123,0.349,0.40006,0.42425,0.41753,0.41618,0.41887,0.43231,0.45112,0.46724,0.48202,0.4874,0.50083,0.53308,0.55189,0.56667,0.57608,0.59892,0.62176,0.63923,0.64326,0.63654,0.62579,0.62042,0.66744,0.70238,0.71581,0.73731,0.76419,0.78434,0.77762,0.76015,0.73059,0.70775,0.78031,0.81927,0.84749,0.88243,0.90258,0.90527,0.89586,0.86765,0.82465,0.74806,0.73463,0.70775,0.67148
1.0492,0.98202,0.92288,0.88927,0.87449,0.87583,0.8503,0.81804,0.79788,0.80594,0.81669,0.78444,0.68632,0.53847,0.43901,0.39599,0.35702,0.33417,0.34223,0.38659,0.42019,0.51427,0.59358,0.4847,0.35836,0.32207,0.2804,0.26427,0.27368,0.3261,0.36508,0.47664,0.59089,0.50487,0.39465,0.35836,0.31804,0.31804,0.33551,0.38255,0.42556,0.53444,0.63659,0.59761,0.55325,0.52234,0.50083,0.51024,0.53578,0.57073,0.60164,0.65137,0.73605,0.79922,0.86374,0.93901,0.51427,0.42559,0.32885,0.21867,0.16761,0.11521,0.10581,0.12462,0.18374,0.23345,0.33557,0.39737,0.41887,0.37453,0.34497,0.33691,0.34228,0.35975,0.38797,0.40947,0.4135,0.45381,0.50486,0.51427,0.51696,0.51427,0.52905,0.55458,0.57742,0.58683,0.5828,0.59623,0.6137,0.67416,0.71581,0.73059,0.75612,0.78165,0.79509,0.78703,0.7709,0.74,0.7185,0.80987,0.86899,0.90258,0.94961,0.96439,0.96707,0.94289,0.90527,0.85018,0.783,0.77359,0.76956,0.75881
1.0707,0.95513,0.90137,0.80863,0.76831,0.7468,0.71589,0.69976,0.70648,0.74546,0.79788,0.76562,0.68363,0.54116,0.44707,0.40675,0.36642,0.34761,0.35433,0.38524,0.4296,0.51024,0.60433,0.49546,0.36508,0.32879,0.28175,0.26831,0.27503,0.32207,0.36374,0.47798,0.59089,0.50083,0.38524,0.34492,0.30594,0.29116,0.30325,0.34089,0.39196,0.49949,0.62583,0.55863,0.49142,0.45379,0.41481,0.41347,0.4296,0.46992,0.51562,0.59089,0.69707,0.77503,0.84626,0.93228,0.5613,0.4444,0.35438,0.25495,0.21867,0.17836,0.18105,0.20658,0.26032,0.31407,0.38797,0.43096,0.43768,0.38662,0.34228,0.33154,0.33557,0.35438,0.38394,0.40544,0.4135,0.45649,0.51964,0.50755,0.49143,0.48471,0.4968,0.52099,0.5492,0.55995,0.55995,0.59086,0.62042,0.63117,0.62848,0.62848,0.63385,0.66476,0.68626,0.697,0.697,0.70507,0.72522,0.77225,0.80584,0.81793,0.85152,0.87436,0.88377,0.87571,0.85958,0.83002,0.79778,0.80181,0.80315,0.78837
1.0022,0.94304,0.87315,0.7589,0.70513,0.67288,0.64196,0.63524,0.65809,0.71992,0.7804,0.73874,0.67691,0.54653,0.44304,0.40137,0.3597,0.33954,0.34895,0.38524,0.42288,0.50755,0.6003,0.49546,0.3718,0.32476,0.28309,0.27099,0.27772,0.32476,0.36374,0.4753,0.59223,0.50352,0.38927,0.34895,0.30056,0.29384,0.30191,0.35164,0.39734,0.50487,0.61777,0.5546,0.48874,0.44304,0.40809,0.4054,0.4175,0.46454,0.50218,0.58417,0.7011,0.77503,0.85164,0.93632,0.52771,0.43231,0.36244,0.29257,0.2657,0.23748,0.24554,0.26973,0.31541,0.36378,0.4135,0.44709,0.44037,0.40409,0.36378,0.35706,0.3611,0.37991,0.40678,0.42559,0.43231,0.47665,0.52502,0.51561,0.49815,0.49412,0.50486,0.52905,0.5492,0.5613,0.56667,0.59758,0.62579,0.63923,0.64326,0.64192,0.65132,0.67954,0.70372,0.7091,0.7091,0.71581,0.73328,0.75747,0.78434,0.79106,0.81524,0.84077,0.85152,0.85018,0.83809,0.82062,0.80181,0.80853,0.8139,0.79509
0.99815,0.93094,0.85433,0.72664,0.67153,0.62583,0.60298,0.59761,0.63659,0.69707,0.77099,0.72664,0.67153,0.51965,0.42422,0.37583,0.33282,0.32207,0.32745,0.37046,0.41616,0.49411,0.61105,0.48739,0.36508,0.3261,0.27772,0.26831,0.27637,0.32476,0.36642,0.4753,0.59223,0.49949,0.38793,0.34626,0.29788,0.29116,0.30056,0.3503,0.38659,0.49949,0.62449,0.55863,0.48605,0.44169,0.40272,0.39599,0.4054,0.44707,0.49411,0.57341,0.69304,0.77503,0.86642,0.94169,0.51696,0.435,0.36781,0.3181,0.31004,0.29526,0.30466,0.33691,0.37722,0.39334,0.42559,0.44574,0.4444,0.4229,0.40947,0.40678,0.42022,0.44037,0.46052,0.47799,0.47799,0.50218,0.53711,0.52502,0.51158,0.51024,0.52502,0.54383,0.57339,0.5828,0.57876,0.60295,0.62848,0.63251,0.63251,0.63251,0.64595,0.66879,0.69029,0.70104,0.70238,0.71178,0.72656,0.73597,0.75209,0.75478,0.77628,0.79509,0.80987,0.81524,0.80853,0.80181,0.80046,0.80853,0.80718,0.79106
1.0183,0.92691,0.85164,0.7132,0.65675,0.60702,0.59089,0.58954,0.63255,0.69304,0.76696,0.74949,0.68497,0.51831,0.40809,0.36508,0.33148,0.31804,0.32745,0.3718,0.4054,0.4968,0.60836,0.4847,0.35702,0.32073,0.27368,0.26427,0.27637,0.32476,0.36508,0.47664,0.58685,0.50083,0.38524,0.34895,0.31266,0.29519,0.3046,0.34761,0.38659,0.4968,0.62449,0.55997,0.48605,0.44169,0.40003,0.39465,0.40272,0.44976,0.49008,0.57476,0.70917,0.77906,0.85702,0.9632,0.53308,0.43365,0.36781,0.32885,0.33154,0.32213,0.33422,0.3611,0.39737,0.40947,0.42559,0.43768,0.44978,0.44574,0.44171,0.4444,0.46052,0.47934,0.50621,0.51561,0.51561,0.52636,0.54383,0.54383,0.54383,0.54383,0.55995,0.58817,0.60832,0.61504,0.6137,0.62445,0.63788,0.6352,0.63117,0.62579,0.63251,0.65938,0.68491,0.69297,0.69432,0.70775,0.72253,0.73059,0.73597,0.73731,0.75344,0.7709,0.7924,0.79912,0.79509,0.79375,0.79778,0.80584,0.80718,0.78837
0.99277,0.91481,0.84223,0.70245,0.64331,0.58685,0.58417,0.58954,0.63121,0.69573,0.75218,0.72395,0.66212,0.51831,0.40406,0.36105,0.3261,0.31669,0.32745,0.36911,0.40944,0.49815,0.60702,0.47261,0.35836,0.31535,0.27503,0.26562,0.27503,0.31266,0.36508,0.47395,0.60567,0.49949,0.38524,0.34761,0.31266,0.29788,0.30594,0.34895,0.38927,0.50083,0.62046,0.56401,0.49546,0.4511,0.4054,0.39734,0.41078,0.44438,0.4968,0.57341,0.7011,0.78175,0.86777,0.95513,0.51696,0.42828,0.36513,0.33825,0.36513,0.36916,0.38662,0.41081,0.42693,0.4229,0.43096,0.44306,0.44843,0.45918,0.46724,0.47262,0.49412,0.51158,0.53308,0.54249,0.53711,0.5398,0.54517,0.54517,0.55055,0.55324,0.56667,0.5922,0.61773,0.6231,0.61639,0.6231,0.63654,0.62982,0.62714,0.62445,0.63251,0.65535,0.67685,0.69297,0.69163,0.70372,0.71716,0.71447,0.71716,0.71447,0.72791,0.74806,0.76553,0.77628,0.77762,0.77762,0.79509,0.79912,0.79509,0.783
1.0129,0.93094,0.86105,0.71858,0.65944,0.61508,0.59492,0.6003,0.6339,0.7011,0.77772,0.73874,0.68497,0.54653,0.44438,0.40003,0.36239,0.34626,0.35298,0.39062,0.43766,0.52368,0.61777,0.50755,0.38524,0.34223,0.30728,0.29519,0.30325,0.34626,0.39062,0.50218,0.62449,0.53981,0.42153,0.38255,0.34492,0.34089,0.35298,0.39465,0.43497,0.55325,0.67422,0.61777,0.55997,0.52099,0.49546,0.49815,0.52099,0.55594,0.59358,0.66212,0.76159,0.84223,0.90944,0.99008,0.46456,0.38662,0.33019,0.29257,0.2966,0.28988,0.30332,0.33557,0.3611,0.37184,0.40275,0.42559,0.42962,0.4014,0.37856,0.37588,0.38394,0.40275,0.42559,0.44037,0.44709,0.48068,0.52368,0.52905,0.52771,0.53039,0.54383,0.5707,0.5922,0.59892,0.59892,0.60967,0.62848,0.65132,0.67416,0.67954,0.697,0.72522,0.74269,0.74403,0.74,0.72925,0.72791,0.79106,0.83809,0.85958,0.89317,0.91467,0.9187,0.90392,0.88511,0.84212,0.78971,0.77493,0.76284,0.73597
1.068,0.99949,0.97261,0.92422,0.9054,0.90003,0.87852,0.8503,0.83551,0.84492,0.86374,0.81669,0.74411,0.61105,0.51965,0.48336,0.43901,0.42019,0.42153,0.45513,0.49546,0.57073,0.64734,0.54653,0.42825,0.38793,0.34492,0.32745,0.33148,0.37583,0.41616,0.52234,0.63524,0.54788,0.43363,0.39868,0.34223,0.33551,0.34223,0.38659,0.43228,0.54116,0.66212,0.59223,0.51159,0.46992,0.43228,0.42691,0.43632,0.4753,0.51831,0.6003,0.7253,0.83148,0.93228,1.0291,0.58817,0.49546,0.42022,0.30466,0.25898,0.20792,0.20255,0.21867,0.28048,0.33154,0.435,0.48874,0.48337,0.41215,0.36378,0.34766,0.35035,0.35975,0.38394,0.41081,0.43365,0.48605,0.55324,0.53846,0.51024,0.50083,0.50486,0.52502,0.55861,0.56802,0.57742,0.61504,0.65804,0.6567,0.6446,0.63788,0.64326,0.6661,0.69163,0.70507,0.71044,0.73194,0.76284,0.76553,0.77762,0.77897,0.79643,0.8139,0.83405,0.83809,0.83809,0.83271,0.84346,0.85421,0.85018,0.84212
1.0653,0.98739,0.92556,0.82341,0.77637,0.74546,0.71589,0.70917,0.71992,0.76159,0.83013,0.78444,0.74815,0.62583,0.5425,0.50621,0.45648,0.43766,0.43766,0.46589,0.51024,0.58417,0.64734,0.52906,0.41481,0.36911,0.32745,0.3261,0.33282,0.38793,0.42422,0.53578,0.63793,0.54519,0.43363,0.39331,0.35298,0.34761,0.35702,0.40809,0.44573,0.55191,0.6675,0.59895,0.52772,0.49277,0.45513,0.45513,0.46723,0.51427,0.54922,0.63121,0.75352,0.84089,0.92288,1.0116,0.57608,0.47934,0.41618,0.33557,0.30466,0.26435,0.26973,0.30198,0.349,0.39469,0.45784,0.46993,0.46456,0.39469,0.34632,0.32616,0.32347,0.33691,0.36244,0.39066,0.41081,0.4659,0.54652,0.57608,0.59623,0.60295,0.62579,0.65132,0.67148,0.67013,0.6661,0.6567,0.65938,0.68491,0.70372,0.71178,0.73194,0.75478,0.77493,0.77762,0.76956,0.76015,0.75478,0.78568,0.81659,0.82599,0.85018,0.87436,0.88511,0.88243,0.86765,0.8448,0.82196,0.83002,0.83271,0.83137
1.0707,0.9753,0.91212,0.80594,0.75755,0.72395,0.69573,0.68094,0.69841,0.76159,0.82207,0.77234,0.72261,0.57879,0.47798,0.43901,0.39331,0.37987,0.38793,0.42691,0.46992,0.55728,0.6554,0.53712,0.42019,0.37987,0.3382,0.32207,0.33282,0.38121,0.42422,0.53578,0.65406,0.56401,0.44976,0.4175,0.36642,0.3597,0.36911,0.41616,0.45513,0.56401,0.69304,0.62718,0.56266,0.52906,0.4968,0.49546,0.51159,0.55325,0.59492,0.66884,0.78309,0.8597,0.94841,1.0331,0.52368,0.42559,0.36513,0.2966,0.27107,0.23479,0.24151,0.27645,0.3181,0.35975,0.42828,0.45918,0.46187,0.435,0.41215,0.40409,0.4135,0.43365,0.45784,0.47396,0.48202,0.5089,0.55458,0.5613,0.5613,0.56533,0.57742,0.60698,0.62848,0.63251,0.63385,0.63923,0.65804,0.67013,0.68222,0.68491,0.69835,0.72119,0.74269,0.75075,0.74806,0.74672,0.75747,0.80449,0.84212,0.8569,0.89586,0.91467,0.92139,0.91064,0.89183,0.8569,0.81927,0.81256,0.80315,0.783
1.0869,1.0049,0.96454,0.92422,0.91481,0.90675,0.89062,0.86239,0.83954,0.84626,0.84626,0.80997,0.7253,0.57879,0.48336,0.44304,0.39868,0.38121,0.37852,0.42153,0.45917,0.5425,0.64196,0.50621,0.39331,0.3597,0.3046,0.29653,0.30728,0.36642,0.4054,0.52503,0.64331,0.54922,0.45917,0.41884,0.36642,0.36777,0.37987,0.44035,0.48067,0.58282,0.68363,0.65944,0.61911,0.5882,0.56535,0.56804,0.59089,0.62718,0.66078,0.70782,0.79519,0.8597,0.9296,1.0008,0.5089,0.4135,0.34228,0.21195,0.16493,0.095056,0.091025,0.10715,0.17971,0.2227,0.35975,0.40275,0.42962,0.36916,0.32213,0.31004,0.30601,0.31944,0.34094,0.37319,0.39334,0.44171,0.53174,0.55727,0.56667,0.57205,0.58414,0.61236,0.63251,0.64057,0.63654,0.63251,0.63923,0.68626,0.72522,0.74,0.76419,0.7924,0.80718,0.80181,0.78971,0.75747,0.73194,0.81927,0.87033,0.89989,0.93751,0.95498,0.95901,0.9402,0.91064,0.86227,0.783,0.7709,0.75344,0.74134
1.06,0.99277,0.93901,0.86374,0.83685,0.81132,0.78847,0.76831,0.77234,0.79384,0.83148,0.80728,0.71589,0.58148,0.48605,0.4511,0.39868,0.38121,0.38255,0.42019,0.45782,0.55056,0.65003,0.52906,0.40944,0.3718,0.31938,0.30191,0.31132,0.36777,0.40675,0.52368,0.64734,0.54653,0.44841,0.41078,0.35433,0.35164,0.36239,0.42019,0.46454,0.56535,0.68363,0.6339,0.5882,0.55056,0.51427,0.51427,0.52772,0.57207,0.61508,0.66884,0.78175,0.84492,0.91481,0.99142,0.50218,0.41215,0.33825,0.22404,0.18642,0.1273,0.12999,0.15552,0.21867,0.25629,0.37319,0.42022,0.43903,0.38125,0.3396,0.32616,0.31944,0.33422,0.3611,0.38662,0.40678,0.45515,0.53174,0.52771,0.51293,0.51024,0.51024,0.54114,0.56667,0.57876,0.58414,0.60564,0.63923,0.6661,0.68626,0.69297,0.71581,0.73463,0.75344,0.75747,0.75344,0.74,0.73463,0.80315,0.83405,0.85287,0.88511,0.90258,0.91602,0.90661,0.88511,0.85287,0.78703,0.77897,0.76687,0.75075
1.0452,0.98067,0.9054,0.77906,0.74546,0.69976,0.67153,0.66481,0.69169,0.73336,0.81132,0.78712,0.73336,0.59358,0.50487,0.46454,0.41481,0.39734,0.39599,0.43632,0.47126,0.55325,0.66078,0.54116,0.42556,0.38793,0.33551,0.31938,0.32207,0.37852,0.41481,0.51965,0.6554,0.55863,0.45648,0.41481,0.3597,0.34895,0.35702,0.41212,0.45648,0.55594,0.68094,0.62315,0.55997,0.52503,0.47933,0.4753,0.4847,0.53712,0.5761,0.65137,0.7804,0.84761,0.91884,0.99949,0.49949,0.4014,0.34363,0.27376,0.24554,0.20792,0.21598,0.24957,0.30063,0.33288,0.41081,0.43365,0.435,0.37856,0.33557,0.3181,0.31138,0.32482,0.35035,0.37991,0.39469,0.44709,0.52502,0.50621,0.48068,0.47262,0.47127,0.49412,0.52233,0.53846,0.54786,0.58145,0.62848,0.62982,0.63385,0.63251,0.6446,0.66341,0.68626,0.697,0.69969,0.70641,0.71447,0.75612,0.77359,0.78031,0.80046,0.81793,0.83271,0.83809,0.83405,0.8139,0.78031,0.77628,0.76822,0.75344
1.0492,0.98605,0.89868,0.75487,0.71051,0.65003,0.6339,0.63255,0.67019,0.72126,0.80325,0.77099,0.72664,0.60836,0.51831,0.47664,0.41884,0.40675,0.40406,0.43497,0.47798,0.56401,0.67019,0.5546,0.44707,0.40137,0.34626,0.32879,0.33013,0.38927,0.42691,0.52637,0.65944,0.56401,0.4753,0.4296,0.36777,0.35702,0.36105,0.41616,0.46185,0.5546,0.67556,0.61777,0.55594,0.51696,0.47261,0.4632,0.46858,0.51427,0.55863,0.62315,0.74546,0.82341,0.90406,0.99277,0.50083,0.40678,0.34766,0.29929,0.28451,0.26435,0.27645,0.30198,0.35169,0.37722,0.41753,0.42559,0.42022,0.36647,0.32079,0.30466,0.29794,0.31004,0.33154,0.36378,0.38394,0.43365,0.51158,0.48068,0.44843,0.43768,0.43634,0.45649,0.48202,0.50486,0.51561,0.55727,0.60161,0.5828,0.56802,0.55861,0.55324,0.5707,0.59758,0.61907,0.63385,0.65938,0.69432,0.70775,0.71313,0.71044,0.7185,0.73597,0.75612,0.7709,0.77628,0.77493,0.77225,0.76956,0.76687,0.75478
1.0506,0.9847,0.89331,0.74815,0.70513,0.64331,0.62583,0.62449,0.67288,0.7132,0.8046,0.76965,0.73739,0.60298,0.50755,0.46589,0.41212,0.39465,0.39599,0.44169,0.48202,0.56132,0.6796,0.56132,0.4511,0.41481,0.35433,0.3382,0.34223,0.39465,0.4296,0.53309,0.65272,0.57073,0.48067,0.43766,0.37852,0.36777,0.36911,0.41616,0.45379,0.55863,0.67422,0.62046,0.55325,0.52099,0.47395,0.4632,0.46454,0.50755,0.55191,0.61374,0.74949,0.83954,0.92153,0.99142,0.50218,0.41081,0.35169,0.31138,0.30332,0.28182,0.29257,0.32347,0.37319,0.38931,0.41887,0.42559,0.42156,0.3705,0.33288,0.32347,0.32079,0.33288,0.35841,0.38931,0.4014,0.43903,0.5089,0.46859,0.42962,0.41887,0.40947,0.43231,0.45649,0.48471,0.4968,0.54114,0.5922,0.56802,0.53846,0.52368,0.5183,0.53039,0.55861,0.58683,0.60026,0.63923,0.67416,0.66879,0.66207,0.64863,0.64595,0.6567,0.68222,0.71044,0.72119,0.73866,0.75881,0.76419,0.76419,0.75478
1.064,0.99546,0.89196,0.75218,0.70379,0.63793,0.62449,0.62315,0.66212,0.7253,0.82207,0.78309,0.73739,0.6003,0.50487,0.45782,0.40406,0.38659,0.38793,0.43901,0.48336,0.56669,0.69304,0.56669,0.45513,0.41616,0.36374,0.34492,0.34492,0.39465,0.43766,0.53712,0.67556,0.57207,0.48874,0.44573,0.39331,0.37852,0.37718,0.42153,0.46454,0.5546,0.6796,0.61911,0.56804,0.52906,0.48739,0.47126,0.47126,0.5089,0.55191,0.61239,0.72798,0.82073,0.91078,0.99008,0.50218,0.40812,0.34632,0.31944,0.30869,0.28585,0.30063,0.33019,0.37184,0.39469,0.40409,0.40678,0.40409,0.36244,0.33825,0.33019,0.33154,0.34632,0.3705,0.38931,0.40409,0.43768,0.49546,0.4444,0.40409,0.38931,0.38125,0.4014,0.42425,0.45246,0.46993,0.51696,0.58011,0.53577,0.49949,0.48068,0.46456,0.47934,0.50218,0.53711,0.55458,0.60161,0.64729,0.62982,0.61236,0.59086,0.58011,0.58817,0.60295,0.64057,0.66207,0.69029,0.73194,0.74672,0.74941,0.74134
1.0223,0.95782,0.91616,0.83013,0.81266,0.77772,0.75352,0.74008,0.74411,0.76293,0.81401,0.79116,0.71051,0.55056,0.44573,0.41078,0.36239,0.34492,0.34358,0.38927,0.42825,0.52637,0.64196,0.51696,0.40809,0.37046,0.32073,0.29788,0.29922,0.3503,0.3839,0.48605,0.61642,0.51965,0.42153,0.37583,0.31669,0.30728,0.31266,0.36642,0.40944,0.51159,0.61508,0.56401,0.49949,0.46589,0.42825,0.42691,0.43497,0.48605,0.51965,0.59223,0.72126,0.78981,0.87315,0.94035,0.53174,0.41081,0.34632,0.24017,0.20523,0.1488,0.1488,0.17433,0.24286,0.27779,0.37856,0.4135,0.42156,0.37856,0.34766,0.33825,0.3396,0.35706,0.38394,0.40275,0.41618,0.45246,0.50486,0.45784,0.41618,0.4014,0.39066,0.41215,0.43768,0.46456,0.47799,0.52771,0.5922,0.57339,0.55861,0.5492,0.55055,0.56667,0.59489,0.61639,0.62579,0.65132,0.68491,0.74537,0.7709,0.78165,0.80181,0.82196,0.83674,0.83674,0.82599,0.80315,0.76419,0.76822,0.7709,0.76553
1.064,1.0049,0.96589,0.84895,0.81938,0.78175,0.75621,0.74142,0.75755,0.78712,0.86239,0.83417,0.78712,0.66347,0.58282,0.55728,0.51159,0.48336,0.47664,0.50755,0.53578,0.60702,0.69438,0.6003,0.52637,0.4968,0.45648,0.42556,0.4175,0.44976,0.47933,0.54653,0.63793,0.55056,0.46185,0.42691,0.36911,0.3503,0.34626,0.38659,0.43228,0.52099,0.60567,0.54519,0.48067,0.43632,0.39465,0.39196,0.40272,0.44304,0.49277,0.56266,0.6796,0.74411,0.81266,0.90944,0.57473,0.43634,0.35706,0.25898,0.22808,0.18642,0.19314,0.21867,0.28048,0.31272,0.38931,0.38797,0.37453,0.27107,0.19986,0.17836,0.15686,0.16089,0.18777,0.22136,0.25226,0.32482,0.43634,0.33154,0.25495,0.22673,0.19045,0.20389,0.22942,0.27107,0.30601,0.38931,0.49546,0.45784,0.4135,0.39603,0.37991,0.392,0.41887,0.44978,0.47799,0.53174,0.60698,0.65266,0.66879,0.67416,0.68894,0.71044,0.72656,0.73328,0.72656,0.71581,0.69835,0.72522,0.74941,0.76419
1.0492,1.0197,1.0102,1.0049,1.0049,1.0129,0.99815,0.97126,0.93497,0.92691,0.90944,0.85433,0.7589,0.65406,0.58282,0.54788,0.50083,0.48067,0.47395,0.49949,0.5304,0.59492,0.65809,0.53981,0.42019,0.38524,0.33417,0.30997,0.31401,0.36105,0.40272,0.51562,0.61642,0.51831,0.41347,0.36508,0.31669,0.30325,0.30325,0.35702,0.40809,0.51024,0.60567,0.5425,0.48739,0.44438,0.40406,0.40003,0.41212,0.46185,0.50621,0.57476,0.69304,0.76024,0.82745,0.93228,0.55995,0.42559,0.3611,0.24286,0.19314,0.1394,0.12596,0.13133,0.18508,0.23748,0.35841,0.39334,0.37856,0.27779,0.20658,0.17836,0.15552,0.16493,0.18777,0.22942,0.26167,0.33154,0.44037,0.40678,0.3705,0.35572,0.35169,0.37184,0.39872,0.42156,0.43903,0.48471,0.54114,0.52099,0.51024,0.50083,0.50352,0.51964,0.54383,0.56398,0.57742,0.60026,0.63385,0.69566,0.7185,0.73328,0.75612,0.77628,0.79106,0.7924,0.77628,0.75612,0.72522,0.74537,0.75747,0.77493
1.0519,1.0344,1.0197,1.0197,1.025,1.0398,1.0264,0.99411,0.95782,0.94304,0.91884,0.84761,0.75083,0.65272,0.5882,0.56266,0.52637,0.49815,0.49008,0.51159,0.53444,0.59761,0.63927,0.50487,0.38255,0.34492,0.28981,0.2804,0.28578,0.33685,0.38121,0.49949,0.61911,0.49815,0.40003,0.35836,0.30594,0.29384,0.30056,0.3597,0.39868,0.49815,0.61777,0.53981,0.48202,0.43766,0.39062,0.37987,0.38524,0.42556,0.47261,0.5425,0.67288,0.74411,0.83685,0.93363,0.55995,0.46052,0.36916,0.24957,0.2012,0.14074,0.12462,0.13268,0.17702,0.23882,0.34497,0.38797,0.37184,0.26032,0.18239,0.15686,0.12865,0.13671,0.16089,0.20523,0.23345,0.31541,0.43903,0.45784,0.46187,0.46052,0.47262,0.49815,0.52099,0.53039,0.53174,0.53711,0.54517,0.54114,0.53711,0.53577,0.5398,0.55995,0.58145,0.59892,0.60295,0.61504,0.63117,0.63251,0.62982,0.62176,0.62579,0.64057,0.65938,0.68222,0.69297,0.69969,0.71313,0.73597,0.75209,0.77628
